,Epoch index,Total reward,Time taken
0,,,
1,,,
2,1,41.67909195988335,161.86793208122253
3,2,39.30973925486374,201.69258570671082
