,Epoch index,age_of_view,new_age_of_view,timeliness,consistence,completeness,intel_arrival_time,queuing_time,transmitting_time,service_time,service_rate,received_data,required_data
0,,,,,,,,,,,,,
1,0,72.42158657831331,43.650129105380366,176.48422846403912,2136.8768495700965,0.33051812281930326,50.69711171454096,0.14858238991829606,0.4150000000000001,51.26069410445924,0.0,3164,7580
