,Epoch index,age_of_view,new_age_of_view,timeliness,consistence,completeness,intel_arrival_time,queuing_time,transmitting_time,service_time,service_rate,received_data,required_data
0,,,,,,,,,,,,,
1,0,63.68879630380803,35.22574844422975,176.9183453831875,2514.560609334668,0.26397576358826363,45.65224934339482,0.3059435046960874,0.44958333333333306,46.407776181424175,0.0,1641,5031
