,Epoch index,age_of_view,new_age_of_view,timeliness,consistence,completeness,intel_arrival_time,queuing_time,transmitting_time,service_time,service_rate,received_data,required_data
0,,,,,,,,,,,,,
1,0,77.32567213008339,45.851078614682756,153.8887506131034,2659.4333995283814,0.33936620971620984,25.301772876864426,0.18775106851855775,0.36116666666666664,25.85069061204965,0.0033333333333333335,2129,5031
