,Epoch index,age_of_view,new_age_of_view,timeliness,consistence,completeness,intel_arrival_time,queuing_time,transmitting_time,service_time,service_rate,received_data,required_data
0,,,,,,,,,,,,,
1,0,72.32654655656853,41.16895093041626,161.8153012185826,2263.368721993326,0.30694313203136736,29.434848938012497,0.20167956075595156,0.4012777777777777,30.037806276546227,0.0,2424,6391
