,Epoch index,age_of_view,new_age_of_view,timeliness,consistence,completeness,intel_arrival_time,queuing_time,transmitting_time,service_time,service_rate,received_data,required_data
0,,,,,,,,,,,,,
1,0,73.00001872208296,41.860909923237074,159.43633616847353,2431.312396163395,0.31136377465127474,30.280489104183065,0.24019977283178331,0.37244444444444463,30.89313332145928,0.0,1964,5031
