,Epoch index,age_of_view,new_age_of_view,timeliness,consistence,completeness,intel_arrival_time,queuing_time,transmitting_time,service_time,service_rate,received_data,required_data
0,,,,,,,,,,,,,
1,0,69.32917116995011,37.2286094447257,164.92046995662008,2306.8597915244545,0.2750242865159531,29.70089173117947,0.2284985735078996,0.4245277777777777,30.353918082465114,0.0,1769,5031
