,Epoch index,age_of_view,new_age_of_view,timeliness,consistence,completeness,intel_arrival_time,queuing_time,transmitting_time,service_time,service_rate,received_data,required_data
0,,,,,,,,,,,,,
1,0,96.81650837501465,63.52216103125934,183.82842824607314,1146.5259958078948,0.42935213675213696,19.508994491139998,0.07075783674104141,0.12227777777777749,19.70203010565883,0.0019444444444444444,1938,3739
