,Epoch index,age_of_view,new_age_of_view,timeliness,consistence,completeness,intel_arrival_time,queuing_time,transmitting_time,service_time,service_rate,received_data,required_data
0,,,,,,,,,,,,,
1,0,62.34682543849816,34.40265977240963,180.41554529980857,2472.1462218070506,0.2584667809042809,41.40362728657574,0.3059142531835785,0.38588888888888867,42.0954304286482,0.0,1617,5031
