,Epoch index,age_of_view,new_age_of_view,timeliness,consistence,completeness,intel_arrival_time,queuing_time,transmitting_time,service_time,service_rate,received_data,required_data
0,,,,,,,,,,,,,
1,0,40.808734879649215,19.46790502207059,216.1892214541347,2441.380925815947,0.15024773328523336,39.76049271728969,0.2881108974859332,0.3788888888888887,40.42749250366447,0.0,930,5031
